Biomass species,MC,VM,FC,Ash,C,H,O,N,S,oC,ER,S/B,CO,CO2,H2,CH4
Corn Stover,6.34,67.25,15.64,10.68,52.26,6.03,40.67,0.97,0.07,650,0,1,27.26,26.16,29.69,16.89
Vermont Wood,4.56,81.51,13.55,0.38,54.51,6.21,39.15,0.11,0.03,650,0,1,25.66,26.2,31.22,16.92
Wheat Straw,5.18,67.89,14.89,12.04,58.34,6.4,34.79,0.36,0.11,650,0,1,30.15,24.12,27.85,17.87
Switchgrass,8.38,69.63,14.66,7.33,50.61,5.82,42.77,0.71,0.1,650,0,1,35.66,20.84,25.24,18.26
Rice Husk,9.84,65.07,16.13,8.96,45.09,5.93,46.87,0.59,1.52,850,0,0.3,37.28,15.11,37.78,9.82
Rice Husk,9.84,65.07,16.13,8.96,45.09,5.93,46.87,0.59,1.52,850,0,0.5,36.41,16.41,38.97,8.21
Rice Husk,9.84,65.07,16.13,8.96,45.09,5.93,46.87,0.59,1.52,850,0,0.68,34.18,17.86,40.31,7.65
Rice Husk,9.84,65.07,16.13,8.96,45.09,5.93,46.87,0.59,1.52,850,0,0.84,33.33,18.46,41.54,6.67
Rice Husk,9.84,65.07,16.13,8.96,45.09,5.93,46.87,0.59,1.52,850,0,1,31.28,20.51,42.05,6.15
Rice Husk,9.84,65.07,16.13,8.96,45.09,5.93,46.87,0.59,1.52,850,0,1.2,28.21,23.08,43.59,5.13
Wood Chips,4.61,83.7,10.41,1.29,43.4,3.57,51.83,1.19,0.01,800,0.2,0.44,44.22,23.14,28.33,4.31
Wood Chips,4.61,83.7,10.41,1.29,43.4,3.57,51.83,1.19,0.01,850,0.2,0.44,40.73,25.07,31.33,2.87
Wood Chips,4.61,83.7,10.41,1.29,43.4,3.57,51.83,1.19,0.01,900,0.2,0.44,35.81,26.44,35.4,2.34
Wood Chips,4.61,83.7,10.41,1.29,43.4,3.57,51.83,1.19,0.01,950,0.2,0.44,31.2,26.5,40.5,1.8
Wood Chips,4.61,83.7,10.41,1.29,43.4,3.57,51.83,1.19,0.01,950,0.2,0.18,34,24,39,3
Wood Chips,4.61,83.7,10.41,1.29,43.4,3.57,51.83,1.19,0.01,950,0.2,0.44,31,26,41,2
Wood Chips,4.61,83.7,10.41,1.29,43.4,3.57,51.83,1.19,0.01,950,0.2,0.72,25,30,43,2
Wood Chips,4.61,83.7,10.41,1.29,43.4,3.57,51.83,1.19,0.01,950,0.2,1.02,22,31,45,2
Wood Chips,4.61,83.7,10.41,1.29,43.4,3.57,51.83,1.19,0.01,950,0.2,1.32,21,32,46,1
Pine Sawdust,8,75.71,15.79,0.51,50.54,7.08,41.11,0.57,0.7,800,0.22,0,43.88,16.33,33.67,6.12
Pine Sawdust,8,75.71,15.79,0.51,50.54,7.08,41.11,0.57,0.7,800,0.22,1.35,42.41,17.8,31.41,8.38
Pine Sawdust,8,75.71,15.79,0.51,50.54,7.08,41.11,0.57,0.7,800,0.22,2.02,40.94,18.37,32.55,8.14
Pine Sawdust,8,75.71,15.79,0.51,50.54,7.08,41.11,0.57,0.7,800,0.22,2.7,39.57,18.76,33.76,7.91
Pine Sawdust,8,75.71,15.79,0.51,50.54,7.08,41.11,0.57,0.7,800,0.22,4.04,38.58,20.17,33.49,7.76
Pine Sawdust,8,75.71,15.79,0.51,50.54,7.08,41.11,0.57,0.7,700,0.22,2.7,45.95,22.16,22.7,9.19
Pine Sawdust,8,75.71,15.79,0.51,50.54,7.08,41.11,0.57,0.7,750,0.22,2.7,40.64,20.86,29.95,8.56
Pine Sawdust,8,75.71,15.79,0.51,50.54,7.08,41.11,0.57,0.7,800,0.22,2.7,39.57,18.76,33.76,7.91
Pine Sawdust,8,75.71,15.79,0.51,50.54,7.08,41.11,0.57,0.7,850,0.22,2.7,35.24,19.43,37.57,7.75
Pine Sawdust,8,75.71,15.79,0.51,50.54,7.08,41.11,0.57,0.7,900,0.22,2.7,33.59,19.85,40.2,6.36
Pine Sawdust,9.28,76.98,12.9,0.83,48.24,7.44,42.99,1.28,0.06,800,0.1,0,47.36,15.42,24.01,13.22
Pine Sawdust,9.28,76.98,12.9,0.83,48.24,7.44,42.99,1.28,0.06,800,0.2,0,44.53,22.27,21.26,11.94
Pine Sawdust,9.28,76.98,12.9,0.83,48.24,7.44,42.99,1.28,0.06,800,0.3,0,42.11,28.42,18.95,10.53
Pine Sawdust,9.28,76.98,12.9,0.83,48.24,7.44,42.99,1.28,0.06,800,0.4,0,41.08,34.59,15.14,9.19
Pine Sawdust,9.28,76.98,12.9,0.83,48.24,7.44,42.99,1.28,0.06,800,0.5,0,38.1,41.67,13.1,7.14
Pine Sawdust,9.28,76.98,12.9,0.83,48.24,7.44,42.99,1.28,0.06,750,0.2,0,43.53,27.06,15.29,14.12
Pine Sawdust,9.28,76.98,12.9,0.83,48.24,7.44,42.99,1.28,0.06,800,0.2,0,45.45,22.73,19.63,12.19
Pine Sawdust,9.28,76.98,12.9,0.83,48.24,7.44,42.99,1.28,0.06,850,0.2,0,45.79,20.37,24.3,9.53
Pine Sawdust,9.28,76.98,12.9,0.83,48.24,7.44,42.99,1.28,0.06,900,0.2,0,46.78,18.14,26.73,8.35
Pine Sawdust,9.28,76.98,12.9,0.83,48.24,7.44,42.99,1.28,0.06,950,0.2,0,48.82,15.75,29.13,6.3
Rice Straw,7.95,59.58,13.73,18.74,52.13,6.27,39.91,1.46,0.24,700,0.15,0,43.83,39.14,7.64,9.39
Rice Straw,7.95,59.58,13.73,18.74,52.13,6.27,39.91,1.46,0.24,700,0.18,0,30.38,49.36,9.15,11.11
Rice Straw,7.95,59.58,13.73,18.74,52.13,6.27,39.91,1.46,0.24,700,0.21,0,27.76,53.31,8.27,10.66
Rice Straw,7.95,59.58,13.73,18.74,52.13,6.27,39.91,1.46,0.24,700,0.22,0,27.6,55.66,7.36,9.38
Rice Straw,7.95,59.58,13.73,18.74,52.13,6.27,39.91,1.46,0.24,700,0.24,0,25.43,59.04,6.36,9.17
Rice Husk,12.81,58.81,14.06,14.32,46.84,6.46,45.79,0.75,0.15,720,0.26,0,39.46,36.78,11.94,11.81
Rice Husk,12.81,58.81,14.06,14.32,46.84,6.46,45.79,0.75,0.15,770,0.26,0,40.79,35.9,11.89,11.42
Rice Husk,12.81,58.81,14.06,14.32,46.84,6.46,45.79,0.75,0.15,788,0.26,0,40.4,30.55,14.07,14.97
Rice Husk,12.81,58.81,14.06,14.32,46.84,6.46,45.79,0.75,0.15,812.5,0.26,0,39.54,36.5,11.92,12.04
Rice Husk,12.81,58.81,14.06,14.32,46.84,6.46,45.79,0.75,0.15,837.5,0.26,0,35.75,38.86,12.95,12.44
Rice Husk,9.95,59.92,11.31,18.82,49.07,3.79,46.42,0.63,0.09,750,0,0.75,29.89,16.09,50.23,3.79
Sugarcane Bagasse,13.05,71.04,12.57,3.35,46.1,5.26,44.25,0.19,4.2,750,0,0.75,27.11,14.49,54.18,4.22
Groundnut Shell,10.12,60.64,23.84,5.39,52.54,5.37,41.01,0.59,0.49,750,0,0.75,30.05,14.02,51.83,4.11
Rice Husk,9.95,59.92,11.31,18.82,49.07,3.79,46.42,0.63,0.09,750,0,1,24.19,22.48,49.78,3.55
Sugarcane Bagasse,13.05,71.04,12.57,3.35,46.1,5.26,44.25,0.19,4.2,750,0,1,22.14,20.53,53.02,4.31
Groundnut Shell,10.12,60.64,23.84,5.39,52.54,5.37,41.01,0.59,0.49,750,0,1,25.7,17.07,52.91,4.32
Rice Husk,9.95,59.92,11.31,18.82,49.07,3.79,46.42,0.63,0.09,750,0,1.25,20.78,24.54,49.98,4.7
Sugarcane Bagasse,13.05,71.04,12.57,3.35,46.1,5.26,44.25,0.19,4.2,750,0,1.25,19.74,21.52,54.17,4.57
Groundnut Shell,10.12,60.64,23.84,5.39,52.54,5.37,41.01,0.59,0.49,750,0,1.25,21.64,19.71,54.09,4.56
Rice Husk,9.95,59.92,11.31,18.82,49.07,3.79,46.42,0.63,0.09,750,0,1.5,18.11,26.08,50.86,4.95
Sugarcane Bagasse,13.05,71.04,12.57,3.35,46.1,5.26,44.25,0.19,4.2,750,0,1.5,17.05,24.07,54.26,4.61
Groundnut Shell,10.12,60.64,23.84,5.39,52.54,5.37,41.01,0.59,0.49,750,0,1.5,19.92,21.17,54.29,4.62
Rice Husk,9.95,59.92,11.31,18.82,49.07,3.79,46.42,0.63,0.09,750,0,1.75,16.24,27.77,51.93,4.06
Sugarcane Bagasse,13.05,71.04,12.57,3.35,46.1,5.26,44.25,0.19,4.2,750,0,1.75,15.76,25.14,54.36,4.74
Groundnut Shell,10.12,60.64,23.84,5.39,52.54,5.37,41.01,0.59,0.49,750,0,1.75,17.94,22.55,54.71,4.81
Rice Husk,9.95,59.92,11.31,18.82,49.07,3.79,46.42,0.63,0.09,750,0,2,14.97,28.75,52.06,4.22
Sugarcane Bagasse,13.05,71.04,12.57,3.35,46.1,5.26,44.25,0.19,4.2,750,0,2,14.01,26.02,55.02,4.95
Groundnut Shell,10.12,60.64,23.84,5.39,52.54,5.37,41.01,0.59,0.49,750,0,2,16.01,23.93,55.09,4.97
Rice Husk,9.95,59.92,11.31,18.82,49.07,3.79,46.42,0.63,0.09,650,0,1.32,13.18,31.95,45.93,8.94
Sugarcane Bagasse,13.05,71.04,12.57,3.35,46.1,5.26,44.25,0.19,4.2,650,0,1.32,12,29.5,48.2,10.3
Groundnut Shell,10.12,60.64,23.84,5.39,52.54,5.37,41.01,0.59,0.49,650,0,1.32,14.6,26.28,48.59,10.52
Rice Husk,9.95,59.92,11.31,18.82,49.07,3.79,46.42,0.63,0.09,675,0,1.32,15.11,30.02,47.62,7.25
Sugarcane Bagasse,13.05,71.04,12.57,3.35,46.1,5.26,44.25,0.19,4.2,675,0,1.32,13.93,27.35,50.15,8.58
Groundnut Shell,10.12,60.64,23.84,5.39,52.54,5.37,41.01,0.59,0.49,675,0,1.32,16.55,24.57,50.35,8.53
Rice Husk,9.95,59.92,11.31,18.82,49.07,3.79,46.42,0.63,0.09,700,0,1.32,16.7,27.83,48.71,6.76
Sugarcane Bagasse,13.05,71.04,12.57,3.35,46.1,5.26,44.25,0.19,4.2,700,0,1.32,15.48,25.6,51.09,7.84
Groundnut Shell,10.12,60.64,23.84,5.39,52.54,5.37,41.01,0.59,0.49,700,0,1.32,18.55,23.31,52.51,5.63
Rice Husk,9.95,59.92,11.31,18.82,49.07,3.79,46.42,0.63,0.09,725,0,1.32,18.83,26.22,50.23,4.72
Sugarcane Bagasse,13.05,71.04,12.57,3.35,46.1,5.26,44.25,0.19,4.2,725,0,1.32,17.17,24.2,53.06,5.57
Groundnut Shell,10.12,60.64,23.84,5.39,52.54,5.37,41.01,0.59,0.49,725,0,1.32,20.08,21.29,53.01,5.62
Rice Husk,9.95,59.92,11.31,18.82,49.07,3.79,46.42,0.63,0.09,750,0,1.32,19.97,24.84,50.47,4.72
Sugarcane Bagasse,13.05,71.04,12.57,3.35,46.1,5.26,44.25,0.19,4.2,750,0,1.32,18.72,22.65,54.1,4.53
Groundnut Shell,10.12,60.64,23.84,5.39,52.54,5.37,41.01,0.59,0.49,750,0,1.32,21.54,20.04,53.9,4.53
Rice Husk,9.95,59.92,11.31,18.82,49.07,3.79,46.42,0.63,0.09,775,0,1.32,21.54,24.05,51.35,3.06
Sugarcane Bagasse,13.05,71.04,12.57,3.35,46.1,5.26,44.25,0.19,4.2,775,0,1.32,19.87,22.65,53.9,3.58
Groundnut Shell,10.12,60.64,23.84,5.39,52.54,5.37,41.01,0.59,0.49,775,0,1.32,23.12,18.05,55.17,3.65
Rice Husk,9.95,59.92,11.31,18.82,49.07,3.79,46.42,0.63,0.09,800,0,1.32,22.77,22.97,51.77,2.5
Sugarcane Bagasse,13.05,71.04,12.57,3.35,46.1,5.26,44.25,0.19,4.2,800,0,1.32,21.28,20.78,54.95,3
Groundnut Shell,10.12,60.64,23.84,5.39,52.54,5.37,41.01,0.59,0.49,800,0,1.32,24.08,17.98,54.95,3
Sawdust,6.11,74.6,15.82,3.47,50.6,7.45,41.86,0.08,0.01,800,0.15,0,37.57,25.05,26.59,10.79
Sawdust,6.11,74.6,15.82,3.47,50.6,7.45,41.86,0.08,0.01,800,0.25,0,33.51,36.08,23.2,7.22
Sawdust,6.11,74.6,15.82,3.47,50.6,7.45,41.86,0.08,0.01,800,0.35,0,25.76,44.85,23.64,5.76
Sawdust,6.11,74.6,15.82,3.47,50.6,7.45,41.86,0.08,0.01,750,0.25,0,36.36,34.55,22.27,6.82
Sawdust,6.11,74.6,15.82,3.47,50.6,7.45,41.86,0.08,0.01,800,0.25,0,39.08,32.18,21.84,6.9
Sawdust,6.11,74.6,15.82,3.47,50.6,7.45,41.86,0.08,0.01,850,0.25,0,41.58,28.9,21.21,8.32
Pine Chips,5.93,69.56,20.2,4.31,46.3,5.6,47.52,0.55,0.03,650,0.15,0,42.49,31.71,15.22,10.57
Pine Chips,5.93,69.56,20.2,4.31,46.3,5.6,47.52,0.55,0.03,700,0.15,0,43.52,29.28,14.84,12.36
Pine Chips,5.93,69.56,20.2,4.31,46.3,5.6,47.52,0.55,0.03,750,0.15,0,43.93,26.65,15.87,13.55
Pine Chips,5.93,69.56,20.2,4.31,46.3,5.6,47.52,0.55,0.03,800,0.15,0,46.41,25.02,15.92,12.65
Pine Chips,5.93,69.56,20.2,4.31,46.3,5.6,47.52,0.55,0.03,850,0.15,0,47.28,21.95,19,11.77
Pine Chips,5.93,69.56,20.2,4.31,46.3,5.6,47.52,0.55,0.03,650,0.2,0,31.47,39.47,18.53,10.53
Pine Chips,5.93,69.56,20.2,4.31,46.3,5.6,47.52,0.55,0.03,700,0.2,0,31.78,36.02,19.07,13.14
Pine Chips,5.93,69.56,20.2,4.31,46.3,5.6,47.52,0.55,0.03,750,0.2,0,31.66,35.14,20.43,12.77
Pine Chips,5.93,69.56,20.2,4.31,46.3,5.6,47.52,0.55,0.03,800,0.2,0,34.45,31.5,21.65,12.4
Pine Chips,5.93,69.56,20.2,4.31,46.3,5.6,47.52,0.55,0.03,850,0.2,0,36.87,27.65,22.58,12.9
Pine Chips,5.93,69.56,20.2,4.31,46.3,5.6,47.52,0.55,0.03,650,0.25,0,33.48,40.6,15.12,10.8
Pine Chips,5.93,69.56,20.2,4.31,46.3,5.6,47.52,0.55,0.03,700,0.25,0,32.36,38.62,16.7,12.32
Pine Chips,5.93,69.56,20.2,4.31,46.3,5.6,47.52,0.55,0.03,750,0.25,0,33.8,35.94,17.81,12.45
Pine Chips,5.93,69.56,20.2,4.31,46.3,5.6,47.52,0.55,0.03,800,0.25,0,35.34,31.19,20.79,12.68
Pine Chips,5.93,69.56,20.2,4.31,46.3,5.6,47.52,0.55,0.03,850,0.25,0,37.04,27.29,22.03,13.65
Corn Straw,6.17,75.95,13.75,5.93,45.71,6.21,46.94,1.01,0.14,950,0.18,0,26.12,55.06,15.9,2.92
Corn Straw,6.17,75.95,13.75,5.93,45.71,6.21,46.94,1.01,0.14,970,0.21,0,30.8,46.31,18.71,4.18
Corn Straw,6.17,75.95,13.75,5.93,45.71,6.21,46.94,1.01,0.14,1000,0.24,0,35.5,34.99,23.18,6.33
Corn Straw,6.17,75.95,13.75,5.93,45.71,6.21,46.94,1.01,0.14,1020,0.28,0,38.88,26.84,26.17,8.11
Corn Straw,6.17,75.95,13.75,5.93,45.71,6.21,46.94,1.01,0.14,1040,0.32,0,40.74,23.82,27.79,7.65
Corn Straw,6.17,75.95,13.75,5.93,45.71,6.21,46.94,1.01,0.14,1050,0.36,0,37.67,28.97,25.7,7.65
Corn Straw,6.17,75.95,13.75,5.93,45.71,6.21,46.94,1.01,0.14,1060,0.41,0,33.16,40.27,23.14,3.43
Corn Straw,6.21,78.1,14.33,1.36,48.46,6.39,44.73,0.36,0.06,900,0,0.8,32.67,9.9,56.44,0.99
Corn Straw,6.21,78.1,14.33,1.36,48.46,6.39,44.73,0.36,0.06,900,0,1.2,26.5,13.5,59,1
Corn Straw,6.21,78.1,14.33,1.36,48.46,6.39,44.73,0.36,0.06,900,0,1.6,22,16,61,1
Corn Straw,6.21,78.1,14.33,1.36,48.46,6.39,44.73,0.36,0.06,900,0,2,19,18,62,1
Corn Straw,6.21,78.1,14.33,1.36,48.46,6.39,44.73,0.36,0.06,900,0,2.2,16,20,63,1
Miscanthus Pellet,9.1,73.9,14.6,2.4,44.57,5.67,49.19,0.46,0.11,842,0.25,0,38.45,36.47,12.69,12.39
Miscanthus Pellet,9.1,73.9,14.6,2.4,44.57,5.67,49.19,0.46,0.11,846,0.3,0,37.57,51.44,10.56,0.43
Miscanthus Pellet,9.1,73.9,14.6,2.4,44.57,5.67,49.19,0.46,0.11,866,0.35,0,37.58,36.99,13.58,11.84
Pine Sawdust,9,77.8,12.6,0.6,47.8,7,44.7,0.1,0.4,800,0.27,0.6,38.31,17.95,32.99,10.75
Pine Sawdust,9,77.8,12.6,0.6,47.8,7,44.7,0.1,0.4,800,0.2,0.6,36.08,20.62,32.99,10.31
Pine Sawdust,9,77.8,12.6,0.6,47.8,7,44.7,0.1,0.4,800,0.25,0.6,35.42,25,31.25,8.33
Pine Sawdust,9,77.8,12.6,0.6,47.8,7,44.7,0.1,0.4,800,0.3,0.6,34.74,27.37,29.47,8.42
Pine Sawdust,9,77.8,12.6,0.6,47.8,7,44.7,0.1,0.4,800,0.35,0.6,34.41,30.11,27.96,7.53
Pine Sawdust,9,77.8,12.6,0.6,47.8,7,44.7,0.1,0.4,800,0.27,0.6,35.96,15.47,39.14,9.43
Wood Pellets,7.12,82.26,10.43,0.19,50.39,6.41,42.93,0.08,0.19,636,0.29,0,34.19,44.5,11.85,9.46
Wood Pellets,7.12,82.26,10.43,0.19,50.39,6.41,42.93,0.08,0.19,599,0.29,0,27.66,35.55,31.65,5.14
Wood Pellets,7.12,82.26,10.43,0.19,50.39,6.41,42.93,0.08,0.19,652,0.29,0,27.68,35.59,30.88,5.85
Wood Pellets,7.12,82.26,10.43,0.19,50.39,6.41,42.93,0.08,0.19,706,0.28,0,26.67,36.77,30.94,5.62
Wood Pellets,7.12,82.26,10.43,0.19,50.39,6.41,42.93,0.08,0.19,749,0.28,0,28.18,34.13,31.71,5.98
Wood Pellets,7.12,82.26,10.43,0.19,50.39,6.41,42.93,0.08,0.19,799,0.3,0,29.74,32.47,32.09,5.71
Wood Pellets,7.12,82.26,10.43,0.19,50.39,6.41,42.93,0.08,0.19,611,0.3,0,27.04,36.96,30.69,5.3
Wood Pellets,7.12,82.26,10.43,0.19,50.39,6.41,42.93,0.08,0.19,648,0.49,0,26.78,44.71,24.18,4.33
Wood Pellets,7.12,82.26,10.43,0.19,50.39,6.41,42.93,0.08,0.19,609,0.29,0,25.82,37.49,30.72,5.97
Ecualyptus Sawdust,8.3,75.85,15.58,0.27,46.92,5.73,46.73,0.53,0.09,839.85,0.28,0,43.03,21.47,27.35,8.15
Ecualyptus Sawdust,8.3,75.85,15.58,0.27,46.92,5.73,46.73,0.53,0.09,839.85,0.28,0.75,34.89,26.29,29.81,9.01
Ecualyptus Sawdust,8.3,75.85,15.58,0.27,46.92,5.73,46.73,0.53,0.09,839.85,0.28,1.06,35.93,25.96,28.97,9.14
Ecualyptus Sawdust,8.3,75.85,15.58,0.27,46.92,5.73,46.73,0.53,0.09,839.85,0.28,1.45,36.94,24.77,28.82,9.47
Ecualyptus Sawdust,8.3,75.85,15.58,0.27,46.92,5.73,46.73,0.53,0.09,839.85,0.28,1.67,35.86,25.57,29.52,9.04
Ecualyptus Sawdust,8.3,75.85,15.58,0.27,46.92,5.73,46.73,0.53,0.09,839.85,0.28,0,48.11,12.74,26.32,12.84
Ecualyptus Sawdust,8.3,75.85,15.58,0.27,46.92,5.73,46.73,0.53,0.09,839.85,0.28,0.75,45.82,15.76,28.39,10.02
Ecualyptus Sawdust,8.3,75.85,15.58,0.27,46.92,5.73,46.73,0.53,0.09,839.85,0.28,1.06,40.79,19.98,29.76,9.47
Ecualyptus Sawdust,8.3,75.85,15.58,0.27,46.92,5.73,46.73,0.53,0.09,839.85,0.28,1.45,40.44,20.89,29.94,8.73
Ecualyptus Sawdust,8.3,75.85,15.58,0.27,46.92,5.73,46.73,0.53,0.09,839.85,0.28,1.67,39.25,21.5,30.43,8.83
Rice Straw,9.1,70.07,18.43,1.51,43.97,5.99,48.67,1.2,0.17,650,0,1.2,35.8,35.08,20.05,9.07
Rice Straw,9.1,70.07,18.43,1.51,43.97,5.99,48.67,1.2,0.17,700,0,1.2,31.25,36.54,24.52,7.69
Rice Straw,9.1,70.07,18.43,1.51,43.97,5.99,48.67,1.2,0.17,750,0,1.2,26.69,35.35,31.71,6.24
Rice Straw,9.1,70.07,18.43,1.51,43.97,5.99,48.67,1.2,0.17,800,0,1.2,26.32,38.95,29.47,5.26
Rice Straw,9.1,70.07,18.43,1.51,43.97,5.99,48.67,1.2,0.17,850,0,1.2,23.01,46.01,26.07,4.91
Rice Straw,9.1,70.07,18.43,1.51,43.97,5.99,48.67,1.2,0.17,750,0,0.4,36.58,27.75,23.78,11.89
Rice Straw,9.1,70.07,18.43,1.51,43.97,5.99,48.67,1.2,0.17,750,0,0.8,32.52,31.06,26.9,9.51
Rice Straw,9.1,70.07,18.43,1.51,43.97,5.99,48.67,1.2,0.17,750,0,1.2,26.85,34.61,31.99,6.55
Rice Straw,9.1,70.07,18.43,1.51,43.97,5.99,48.67,1.2,0.17,750,0,1.6,23.14,37.02,34.7,5.14
Rice Straw,9.1,70.07,18.43,1.51,43.97,5.99,48.67,1.2,0.17,750,0,2,17.9,39.9,39.64,2.56
Sawdust,7.5,73.48,18.7,0.32,48.16,6.06,45.58,0.15,0.05,850,0.37,1.7,15.86,48,28.25,7.88
Sawdust,7.5,73.48,18.7,0.32,48.16,6.06,45.58,0.15,0.05,850,0.28,1.7,15.93,41.27,35.04,7.76
Sawdust,7.5,73.48,18.7,0.32,48.16,6.06,45.58,0.15,0.05,850,0.18,1.7,17.14,35.41,39.9,7.55
Sawdust,7.5,73.48,18.7,0.32,48.16,6.06,45.58,0.15,0.05,850,0.09,1.7,18.95,29.2,44.26,7.58
Sawdust,7.5,73.48,18.7,0.32,48.16,6.06,45.58,0.15,0.05,850,0,1.7,20.7,22.85,47.95,8.5
Sawdust,7.5,73.48,18.7,0.32,48.16,6.06,45.58,0.15,0.05,800,0,1.1,20.33,24.62,46.99,8.07
Sawdust,7.5,73.48,18.7,0.32,48.16,6.06,45.58,0.15,0.05,800,0,1.4,18.78,24.97,49.24,7.01
Sawdust,7.5,73.48,18.7,0.32,48.16,6.06,45.58,0.15,0.05,800,0,1.8,16.16,25.51,52.13,6.2
Sawdust,7.5,73.48,18.7,0.32,48.16,6.06,45.58,0.15,0.05,800,0,2.7,11.97,27.79,55.17,5.07
Sawdust,7.5,73.48,18.7,0.32,48.16,6.06,45.58,0.15,0.05,800,0,4.7,7.37,30.51,57.98,4.14
Sawdust,7.5,73.48,18.7,0.32,48.16,6.06,45.58,0.15,0.05,750,0.18,1.4,21.53,36.89,32.81,8.78
Sawdust,7.5,73.48,18.7,0.32,48.16,6.06,45.58,0.15,0.05,800,0.18,1.4,17.85,36.21,38.15,7.79
Sawdust,7.5,73.48,18.7,0.32,48.16,6.06,45.58,0.15,0.05,850,0.18,1.4,19,32.89,39.63,8.48
Sawdust,7.5,73.48,18.7,0.32,48.16,6.06,45.58,0.15,0.05,900,0.18,1.4,19.63,33.27,38.96,8.14
Sawdust,7.5,73.48,18.7,0.32,48.16,6.06,45.58,0.15,0.05,950,0.18,1.4,19.13,28.6,45.12,7.15
Legume Straw,9.8,73.74,14.84,1.62,43.3,5.62,50.35,0.61,0.12,750,0,0.6,45,8,34,13
Legume Straw,9.8,73.74,14.84,1.62,43.3,5.62,50.35,0.61,0.12,800,0,0.6,39,9,41,11
Legume Straw,9.8,73.74,14.84,1.62,43.3,5.62,50.35,0.61,0.12,850,0,0.6,22.5,22.5,50,5
Legume Straw,9.8,73.74,14.84,1.62,43.3,5.62,50.35,0.61,0.12,800,0,0,45.5,9,29.5,16
Legume Straw,9.8,73.74,14.84,1.62,43.3,5.62,50.35,0.61,0.12,800,0,0.2,47.5,9,29.5,14
Legume Straw,9.8,73.74,14.84,1.62,43.3,5.62,50.35,0.61,0.12,800,0,0.4,38.5,10.5,39.5,11.5
Legume Straw,9.8,73.74,14.84,1.62,43.3,5.62,50.35,0.61,0.12,800,0,0.6,39.5,8.5,41,11
Legume Straw,9.8,73.74,14.84,1.62,43.3,5.62,50.35,0.61,0.12,800,0,0.8,38,12,40,10
Legume Straw,9.8,73.74,14.84,1.62,43.3,5.62,50.35,0.61,0.12,800,0,1,32.91,17.34,39.7,10.05
Rice Husk,9.95,55.54,14.99,19.52,49.07,3.79,46.42,0.63,0.09,650,0,1.32,11.25,31.9,47.25,9.6
Rice Husk,9.95,55.54,14.99,19.52,49.07,3.79,46.42,0.63,0.09,690,0,1.32,12.83,28.51,50.5,8.16
Rice Husk,9.95,55.54,14.99,19.52,49.07,3.79,46.42,0.63,0.09,730,0,1.32,15.9,25.65,52.2,6.25
Rice Husk,9.95,55.54,14.99,19.52,49.07,3.79,46.42,0.63,0.09,770,0,1.32,17.85,23.9,53.08,5.17
Rice Husk,9.95,55.54,14.99,19.52,49.07,3.79,46.42,0.63,0.09,750,0,1.32,27.48,18.09,47.81,6.62
Rice Husk,9.95,55.54,14.99,19.52,49.07,3.79,46.42,0.63,0.09,750,0,0.6,22.7,22.2,48.88,6.22
Rice Husk,9.95,55.54,14.99,19.52,49.07,3.79,46.42,0.63,0.09,750,0,1,19.65,23.15,51.17,6.03
Rice Husk,9.95,55.54,14.99,19.52,49.07,3.79,46.42,0.63,0.09,750,0,1.32,17.38,24.81,51.89,5.92
Wood Residue,5.01,77.71,16.94,0.34,50.26,6.72,42.66,0.16,0.2,700,0,1,18.56,16.49,52.58,12.37
Pine Sawdust,8,75.71,15.79,0.51,50.82,7.12,41.34,0.15,0.57,700,0.22,2.7,45.63,21.82,22.85,9.7
Pine Sawdust,8,75.71,15.79,0.51,50.82,7.12,41.34,0.15,0.57,750,0.22,2.7,41.34,20.45,29.63,8.58
Pine Sawdust,8,75.71,15.79,0.51,50.82,7.12,41.34,0.15,0.57,800,0.22,2.7,39.37,19.36,33.49,7.78
Pine Sawdust,8,75.71,15.79,0.51,50.82,7.12,41.34,0.15,0.57,850,0.22,2.7,35.52,19.49,37.51,7.49
Pine Sawdust,8,75.71,15.79,0.51,50.82,7.12,41.34,0.15,0.57,900,0.22,2.7,34,19.7,40.09,6.21
Pine Sawdust,8,75.71,15.79,0.51,50.82,7.12,41.34,0.15,0.57,800,0.19,1.56,39.41,18.74,33.61,8.24
Pine Sawdust,8,75.71,15.79,0.51,50.82,7.12,41.34,0.15,0.57,800,0.21,1.56,41.15,17.98,32.43,8.44
Pine Sawdust,8,75.71,15.79,0.51,50.82,7.12,41.34,0.15,0.57,800,0.23,1.56,41.75,17.56,32.76,7.93
Pine Sawdust,8,75.71,15.79,0.51,50.82,7.12,41.34,0.15,0.57,800,0.25,1.56,41.23,18.78,32.33,7.66
Pine Sawdust,8,75.71,15.79,0.51,50.82,7.12,41.34,0.15,0.57,800,0.27,1.56,39.57,20.56,32.97,6.9
Pine Sawdust,8,75.71,15.79,0.51,50.82,7.12,41.34,0.15,0.57,800,0.22,0,43.77,16.21,33.85,6.16
Pine Sawdust,8,75.71,15.79,0.51,50.82,7.12,41.34,0.15,0.57,800,0.22,0.61,35.11,22.07,32.69,10.13
Pine Sawdust,8,75.71,15.79,0.51,50.82,7.12,41.34,0.15,0.57,800,0.22,1.35,42.33,17.68,31.24,8.75
Pine Sawdust,8,75.71,15.79,0.51,50.82,7.12,41.34,0.15,0.57,800,0.22,2.02,41.03,18.2,32.2,8.57
Pine Sawdust,8,75.71,15.79,0.51,50.82,7.12,41.34,0.15,0.57,800,0.22,2.7,39.37,19.36,33.49,7.78
Pine Sawdust,8,75.71,15.79,0.51,50.82,7.12,41.34,0.15,0.57,800,0.23,1.56,38.53,21.91,32.7,6.86
Pine Sawdust,8,75.71,15.79,0.51,50.82,7.12,41.34,0.15,0.57,800,0.23,1.56,39.09,20.28,32.9,7.74
Pine Sawdust,8,75.71,15.79,0.51,50.82,7.12,41.34,0.15,0.57,800,0.23,1.56,41.75,17.56,32.76,7.93
Pine Sawdust,8,75.71,15.79,0.51,50.82,7.12,41.34,0.15,0.57,800,0.23,1.56,42.46,17.52,31.87,8.15
Coconut Shell,8.55,52.56,26.45,12.44,50.2,5.4,43.4,0.94,0.06,950,0.24,0.3,18,11,49,22
Coconut Shell,8.55,52.56,26.45,12.44,50.2,5.4,43.4,0.94,0.06,950,0.24,0.6,19.8,10.89,54.46,14.85
Coconut Shell,8.55,52.56,26.45,12.44,50.2,5.4,43.4,0.94,0.06,950,0.24,0.9,19.61,10.78,58.82,10.78
Coconut Shell,8.55,52.56,26.45,12.44,50.2,5.4,43.4,0.94,0.06,950,0.24,1.2,20.79,7.92,61.39,9.9
Coconut Shell,8.55,52.56,26.45,12.44,50.2,5.4,43.4,0.94,0.06,950,0.24,1.5,21,6,64,9
Coconut Shell,8.55,52.56,26.45,12.44,50.2,5.4,43.4,0.94,0.06,950,0.24,1.8,21.21,5.05,65.66,8.08
Coconut Shell,8.55,52.56,26.45,12.44,50.2,5.4,43.4,0.94,0.06,950,0.24,2.1,22,5,65,8
Coconut Shell,8.55,52.56,26.45,12.44,50.2,5.4,43.4,0.94,0.06,950,0.24,2.4,22.22,5.05,65.66,7.07
Pine Sawdust,5.01,77.71,16.94,0.34,50.26,6.72,42.66,0.16,0.2,650,0,0,38.54,31.33,19.92,10.21
Pine Sawdust,5.01,77.71,16.94,0.34,50.26,6.72,42.66,0.16,0.2,700,0,0,36.86,32.47,20.28,10.39
Pine Sawdust,5.01,77.71,16.94,0.34,50.26,6.72,42.66,0.16,0.2,750,0,0,36.1,26.4,28.9,8.6
Pine Sawdust,5.01,77.71,16.94,0.34,50.26,6.72,42.66,0.16,0.2,800,0,0,31.6,31.6,28.6,8.2
Pine Sawdust,5.01,77.71,16.94,0.34,50.26,6.72,42.66,0.16,0.2,650,0,0.34,45,18,25,12
Pine Sawdust,5.01,77.71,16.94,0.34,50.26,6.72,42.66,0.16,0.2,800,0,0.37,30,20,40,10
Pine Sawdust,5.01,77.71,16.94,0.34,50.26,6.72,42.66,0.16,0.2,650,0,0.35,35,8,40,17
Pine Sawdust,5.01,77.71,16.94,0.34,50.26,6.72,42.66,0.16,0.2,700,0,0.38,20,10,55,15
Pine Sawdust,5.01,77.71,16.94,0.34,50.26,6.72,42.66,0.16,0.2,750,0,0.59,20,18,50,12
Pine Sawdust,5.01,77.71,16.94,0.34,50.26,6.72,42.66,0.16,0.2,800,0,0.46,15,20,55,10
Wood Residue,5.01,77.71,16.94,0.34,50.26,6.72,42.66,0.16,0.2,700,0,0.5,39.18,10.31,40.21,10.31
Wood Residue,5.01,77.71,16.94,0.34,50.26,6.72,42.66,0.16,0.2,700,0,0.6,31.58,13.68,43.16,11.58
Wood Residue,5.01,77.71,16.94,0.34,50.26,6.72,42.66,0.16,0.2,700,0,0.7,26.04,15.63,46.88,11.46
Wood Residue,5.01,77.71,16.94,0.34,50.26,6.72,42.66,0.16,0.2,700,0,0.8,22.68,16.49,48.45,12.37
Wood Residue,5.01,77.71,16.94,0.34,50.26,6.72,42.66,0.16,0.2,700,0,0.9,20.41,17.35,50,12.24
Wood Residue,5.01,77.71,16.94,0.34,50.26,6.72,42.66,0.16,0.2,700,0,1,19,18,50,13
Peat,13.86,58.86,23.58,3.7,56.95,5.85,35.06,1.88,0.26,840,0.31,0,33.25,30.02,29.53,7.2
Peat,12.88,59.53,23.85,3.74,56.95,5.85,35.06,1.88,0.26,825,0.29,0.29,26.05,35.26,30.26,8.42
Peat,13.71,58.97,23.62,3.71,56.95,5.85,35.06,1.88,0.26,828,0.32,0.11,31.12,31.89,30.36,6.63
Peat,15.6,57.67,23.1,3.63,56.95,5.85,35.06,1.88,0.26,828,0.37,0,32.8,32.8,28.27,6.13
Peat,13.93,58.81,23.56,3.7,56.95,5.85,35.06,1.88,0.26,831,0.3,0.31,24.3,35.19,32.15,8.35
Peat,13.41,59.17,23.7,3.72,56.95,5.85,35.06,1.88,0.26,822,0.29,0.43,24.03,34.37,31.78,9.82
Peat,13.56,59.07,23.66,3.71,56.95,5.85,35.06,1.88,0.26,819,0.4,0.18,29.81,34.69,29.54,5.96
Peat,13.78,58.91,23.6,3.7,56.95,5.85,35.06,1.88,0.26,815,0.43,0.37,23.33,41.21,28.79,6.67
Peat,13.86,58.86,23.58,3.7,56.95,5.85,35.06,1.88,0.26,835,0.41,0.19,28.21,37.04,28.77,5.98
Sawdust,10.15,74.57,15.09,0.18,50.3,6.11,43.48,0.1,0.01,775,0.28,0.08,36.86,29.64,21.65,11.86
Sawdust,5.57,78.38,15.86,0.19,50.3,6.11,43.48,0.1,0.01,814,0.39,0.34,31.21,34.68,26.01,8.09
Dried Grains,7.4,73.2,15.5,3.9,49.93,6.67,37.24,5.58,0.59,900,0.2,0,31.35,44.68,19.42,4.56
Miscanthus Pellet,10.18,71.11,15.9,2.8,51.25,5.88,42.4,0.46,0.01,700,0.28,0,36.06,30.52,28.55,4.88
Miscanthus Pellet,11.58,63.91,18,6.5,50.7,5.92,42.84,0.49,0.05,650,0.27,0,39.52,34.2,21.09,5.19
Pine wood,7.41,76.19,15.89,0.51,50.82,7.12,41.34,0.15,0.57,798,0.22,0.62,37.32,32.36,26.75,3.56
Pine wood,7.41,76.19,15.89,0.51,50.82,7.12,41.34,0.15,0.57,886,0.25,0.69,39.7,26.07,30.89,3.33
Pine wood,7.41,76.19,15.89,0.51,50.82,7.12,41.34,0.15,0.57,850,0.24,0.61,39.57,25.03,29.25,6.15
Pine wood,7.41,76.19,15.89,0.51,50.82,7.12,41.34,0.15,0.57,774,0.26,0.32,43.33,22.65,30.39,3.64
Pine wood,7.41,76.19,15.89,0.51,50.82,7.12,41.34,0.15,0.57,934,0.25,0.4,38.23,29.33,27.59,4.85
Pine wood,7.41,76.19,15.89,0.51,50.82,7.12,41.34,0.15,0.57,930,0.25,0,30.41,30.88,32.3,6.41
Pine wood,7.41,76.19,15.89,0.51,50.82,7.12,41.34,0.15,0.57,1108,0.25,0,25.6,37.9,29.66,6.85
Pine wood,7.41,76.19,15.89,0.51,50.82,7.12,41.34,0.15,0.57,1093,0.28,0,26.55,36.27,30.09,7.09
Pine wood,7.41,76.19,15.89,0.51,50.82,7.12,41.34,0.15,0.57,1015,0.27,0,26.07,35.41,30.05,8.46
Pine wood,7.41,76.19,15.89,0.51,50.82,7.12,41.34,0.15,0.57,870,0.24,0,28.55,30.79,36.19,4.46
Pine wood,7.41,76.19,15.89,0.51,50.82,7.12,41.34,0.15,0.57,910,0.27,0,29.4,32.45,32.58,5.57
Pine wood,7.41,76.19,15.89,0.51,50.82,7.12,41.34,0.15,0.57,1025,0.27,0,28.06,34.04,32.09,5.81
Pine wood,7.41,76.19,15.89,0.51,50.82,7.12,41.34,0.15,0.57,1035,0.27,0,26.8,34.6,32.36,6.24
Pine wood,7.41,76.19,15.89,0.51,50.82,7.12,41.34,0.15,0.57,1015,0.27,0,26,35.45,30.08,8.47
Pine wood,7.41,76.19,15.89,0.51,50.82,7.12,41.34,0.15,0.57,1090,0.27,0,25.89,36.79,28.01,9.32
Pine wood,7.41,76.19,15.89,0.51,50.82,7.12,41.34,0.15,0.57,905,0.3,0.62,36.16,31.23,29.55,3.06
Pine wood,7.41,76.19,15.89,0.51,50.82,7.12,41.34,0.15,0.57,897,0.27,0.62,36.85,28.14,31.81,3.21
Pine wood,7.41,76.19,15.89,0.51,50.82,7.12,41.34,0.15,0.57,830,0.25,0.62,35.55,28.18,32.11,4.15
Pine wood,7.41,76.19,15.89,0.51,50.82,7.12,41.34,0.15,0.57,810,0.24,0.62,38.76,29.74,29.15,2.35
Pine Sawdust,5.01,77.71,16.94,0.34,50.26,6.72,42.66,0.16,0.2,650,0,0.35,50,10,26,14
Pine Sawdust,5.01,77.71,16.94,0.34,50.26,6.72,42.66,0.16,0.2,700,0,0.35,39,15,36,10
Pine Sawdust,5.01,77.71,16.94,0.34,50.26,6.72,42.66,0.16,0.2,750,0,0.35,34,17,39,10
Pine Sawdust,5.01,77.71,16.94,0.34,50.26,6.72,42.66,0.16,0.2,800,0,0.35,29.5,19,41.5,10
Pine Sawdust,5.01,77.71,16.94,0.34,50.26,6.72,42.66,0.16,0.2,800,0,0.2,32.5,18.5,38.5,10.5
Pine Sawdust,5.01,77.71,16.94,0.34,50.26,6.72,42.66,0.16,0.2,800,0,0.4,30,19,41,10
Pine Sawdust,5.01,77.71,16.94,0.34,50.26,6.72,42.66,0.16,0.2,800,0,0.65,28.5,20,42.5,9
Pine Sawdust,5.01,77.71,16.94,0.34,50.26,6.72,42.66,0.16,0.2,800,0,0.9,29.5,20,42.5,8
Pine Sawdust,5.01,77.71,16.94,0.34,50.26,6.72,42.66,0.16,0.2,800,0,1.2,30.5,20,42,7.5
Woody biomass,9.8,72.7,16.7,0.8,51.02,7.16,41.73,0.09,0,800,0.27,0,28.57,33.13,30.02,8.28
Woody biomass,9.8,72.7,16.7,0.8,51.02,7.16,41.73,0.09,0,800,0.24,0,29.01,30.95,31.14,8.9
Woody biomass,9.8,72.7,16.7,0.8,51.02,7.16,41.73,0.09,0,800,0.19,0,29.65,30.2,30.39,9.76
Woody biomass,9.8,72.7,16.7,0.8,51.02,7.16,41.73,0.09,0,800,0.32,0,24.43,35.2,31.47,8.9
Artificial waste (including wood chips),5.51,82,12.5,0.01,55.69,8.66,35.34,0.3,0.01,700,0.3,0,40,30,25,5
Artificial waste (including wood chips),5.51,82,12.5,0.01,55.69,8.66,35.34,0.3,0.01,800,0.3,0,42,29,23,6
Artificial waste (including wood chips),5.51,82,12.5,0.01,55.69,8.66,35.34,0.3,0.01,900,0.3,0,38,25,31.5,5.5
Artificial waste (including wood chips),5.51,82,12.5,0.01,55.69,8.66,35.34,0.3,0.01,700,0.2,0,50,20,23,7
Artificial waste (including wood chips),5.51,82,12.5,0.01,55.69,8.66,35.34,0.3,0.01,700,0.4,0,37,40,19.5,3.5
Artificial waste (including wood chips),5.51,82,12.5,0.01,55.69,8.66,35.34,0.3,0.01,800,0.2,0,47,23,22,8
Artificial waste (including wood chips),5.51,82,12.5,0.01,55.69,8.66,35.34,0.3,0.01,800,0.4,0,44,32,20,4
Artificial waste (including wood chips),5.51,82,12.5,0.01,55.69,8.66,35.34,0.3,0.01,900,0.2,0,47,21,25,7
Artificial waste (including wood chips),5.51,82,12.5,0.01,55.69,8.66,35.34,0.3,0.01,900,0.4,0,40,33,23,4
Artificial waste (including wood chips),5.51,82,12.5,0.01,55.69,8.66,35.34,0.3,0.01,700,0.3,0.25,31,41,21,7
Artificial waste(including wood chips),5.51,82,12.5,0.01,55.69,8.66,35.34,0.3,0.01,700,0.3,0.5,34,38,23,5
Artificial waste (including wood chips),5.51,82,12.5,0.01,55.69,8.66,35.34,0.3,0.01,800,0.3,0.25,37,36,23,4
Artificial waste (including wood chips),5.51,82,12.5,0.01,55.69,8.66,35.34,0.3,0.01,800,0.3,0.5,33.5,33.5,26,7
Artificial waste (including wood chips),5.51,82,12.5,0.01,55.69,8.66,35.34,0.3,0.01,900,0.3,0.25,30,33,32,5
Artificial waste (including wood chips),5.51,82,12.5,0.01,55.69,8.66,35.34,0.3,0.01,900,0.3,0.5,31,20,43,6
Wood Pellet,6.18,78.98,14.43,0.41,46.5,5.54,41.4,6.55,0.01,725,0.21,0,29.84,39.53,20.68,9.95
Wood Pellet,6.18,78.98,14.43,0.41,46.5,5.54,41.4,6.55,0.01,800,0.28,0,30.65,38.7,21.04,9.61
Wood Pellet,6.18,78.98,14.43,0.41,46.5,5.54,41.4,6.55,0.01,875,0.43,0,28.23,44.74,17.72,9.31
Pine waste,12,71.5,16,0.5,51.59,4.9,42.6,0.9,0.01,725,0,0.8,44.57,13.04,28.26,14.13
Pine waste,12,71.5,16,0.5,51.59,4.9,42.6,0.9,0.01,800,0,0.8,41.27,14.29,31.75,12.7
Pine waste,12,71.5,16,0.5,51.59,4.9,42.6,0.9,0.01,840,0,0.8,40,14.74,33.68,11.58
Pine waste,12,71.5,16,0.5,51.59,4.9,42.6,0.9,0.01,890,0,0.8,39.58,14.58,35.42,10.42
Eucalyptus,10.6,74.8,13.9,0.7,52.79,6.4,40.4,0.4,0.01,750,0,0.8,43.62,15.96,24.47,15.96
Eucalyptus,10.6,74.8,13.9,0.7,52.79,6.4,40.4,0.4,0.01,800,0,0.8,39.58,18.75,28.13,13.54
Eucalyptus,10.6,74.8,13.9,0.7,52.79,6.4,40.4,0.4,0.01,850,0,0.8,33.68,17.89,36.84,11.58
Eucalyptus,10.6,74.8,13.9,0.7,52.79,6.4,40.4,0.4,0.01,880,0,0.8,32.65,15.31,42.86,9.18
Holm-oak,9.5,70.2,17.8,2.5,51.09,5.3,42.7,0.9,0.01,740,0,0.8,34.04,18.09,37.23,10.64
Holm-oak,9.5,70.2,17.8,2.5,51.09,5.3,42.7,0.9,0.01,800,0,0.8,34.07,21.98,31.87,12.09
Holm-oak,9.5,70.2,17.8,2.5,51.09,5.3,42.7,0.9,0.01,850,0,0.8,32.26,20.43,35.48,11.83
Holm-oak,9.5,70.2,17.8,2.5,51.09,5.3,42.7,0.9,0.01,900,0,0.8,29.29,18.18,45.45,7.07
Pine waste,12,71.5,16,0.5,51.59,4.9,42.6,0.9,0.01,800,0,0.49,50.56,12.36,22.47,14.61
Pine waste,12,71.5,16,0.5,51.59,4.9,42.6,0.9,0.01,800,0,0.6,41.3,13.04,34.78,10.87
Pine waste,12,71.5,16,0.5,51.59,4.9,42.6,0.9,0.01,800,0,0.7,38.95,13.68,36.84,10.53
Empty Fruit Bunch,5.18,82.58,8.79,3.45,46.63,6.45,45.67,1.21,0.04,850,0.15,0,46,17,21,16
Empty Fruit Bunch,5.18,82.58,8.79,3.45,46.63,6.45,45.67,1.21,0.04,850,0.2,0,42.71,19.79,23.96,13.54
Empty Fruit Bunch,5.18,82.58,8.79,3.45,46.63,6.45,45.67,1.21,0.04,850,0.25,0,33.68,24.21,29.47,12.63
Empty Fruit Bunch,5.18,82.58,8.79,3.45,46.63,6.45,45.67,1.21,0.04,850,0.3,0,34.74,32.63,21.05,11.58
Empty Fruit Bunch,5.18,82.58,8.79,3.45,46.63,6.45,45.67,1.21,0.04,850,0.35,0,31.91,38.3,19.15,10.64
Palm Oil Wastes,6.56,75.99,12.39,5.33,53.1,7.47,38.32,0.44,0.67,750,0,1.33,25,20,48,7
Palm Oil Wastes,6.56,75.99,12.39,5.33,53.1,7.47,38.32,0.44,0.67,800,0,1.33,22,22,52,4
Palm Oil Wastes,6.56,75.99,12.39,5.33,53.1,7.47,38.32,0.44,0.67,850,0,1.33,17,24,56,3
Palm Oil Wastes,6.56,75.99,12.39,5.33,53.1,7.47,38.32,0.44,0.67,900,0,1.33,14,25,59,2
Palm Oil Wastes,6.56,75.99,12.39,5.33,53.1,7.47,38.32,0.44,0.67,900,0,0.01,34,13.5,46,6.5
Palm Oil Wastes,6.56,75.99,12.39,5.33,53.1,7.47,38.32,0.44,0.67,900,0,0.67,23,20,52,5
Palm Oil Wastes,6.56,75.99,12.39,5.33,53.1,7.47,38.32,0.44,0.67,900,0,1.33,16.49,22.68,58.76,2.06
Palm Oil Wastes,6.56,75.99,12.39,5.33,53.1,7.47,38.32,0.44,0.67,900,0,2,15.46,24.74,57.73,2.06
Palm Oil Wastes,6.56,75.99,12.39,5.33,53.1,7.47,38.32,0.44,0.67,900,0,2.67,15.46,25.77,56.7,2.06
Olive kernels,4.59,75.56,16.39,3.49,47.96,6.32,45.7,0.01,0.01,750,0.42,0,18,55,22,5
Olive kernels,4.59,75.56,16.39,3.49,47.96,6.32,45.7,0.01,0.01,850,0.42,0,15,51.5,23.5,10
Olive kernels,4.59,75.56,16.39,3.49,47.96,6.32,45.7,0.01,0.01,950,0.42,0,19.5,43,29.5,8
Olive kernels,4.59,75.56,16.39,3.49,47.96,6.32,45.7,0.01,0.01,950,0.14,0,20.2,39.39,30.3,10.1
Olive kernels,4.59,75.56,16.39,3.49,47.96,6.32,45.7,0.01,0.01,950,0.21,0,19.5,39,31,10.5
Olive Tree Cuttings,4.84,78.31,13.9,2.95,47.27,6.41,44.98,1.34,0.01,750,0.42,0,16,55,20,9
Olive Tree Cuttings,4.84,78.31,13.9,2.95,47.27,6.41,44.98,1.34,0.01,850,0.42,0,14.5,53.5,21,11
Olive Tree Cuttings,4.84,78.31,13.9,2.95,47.27,6.41,44.98,1.34,0.01,950,0.42,0,20,51,21,8
Olive Tree Cuttings,4.84,78.31,13.9,2.95,47.27,6.41,44.98,1.34,0.01,950,0.14,0,19,41,27,13
Olive Tree Cuttings,4.84,78.31,13.9,2.95,47.27,6.41,44.98,1.34,0.01,950,0.21,0,18,41,30,11
Pine Sawdust,23.5,62.73,13.12,0.65,49.99,5.7,44.09,0.2,0.03,800,0.32,0,37.33,36,18.67,8
Pine Sawdust,21,64.78,13.55,0.67,49.99,5.7,44.09,0.2,0.03,800,0.37,0,32.34,37.31,23.63,6.72
Pine Sawdust,23,63.14,13.21,0.65,49.99,5.7,44.09,0.2,0.03,810,0.47,0,30.86,37.04,24.69,7.41
Pine Sawdust,22,63.96,13.38,0.66,49.99,5.7,44.09,0.2,0.03,800,0.26,0,33.16,38.27,21.68,6.89
Pine Sawdust,25,61.5,12.86,0.64,49.99,5.7,44.09,0.2,0.03,790,0.36,0,32.34,37.31,23.63,6.72
Pine Sawdust,19,66.42,13.89,0.69,49.99,5.7,44.09,0.2,0.03,800,0.32,0,39.56,29.67,20.88,9.89
Rubber Wood Chip,8.5,81.34,9.15,1.01,46.39,5.7,47.69,0.2,0.01,750,0.32,0,34.79,41.53,15.23,8.45
Rubber Wood Chip,8.5,81.34,9.15,1.01,46.39,5.7,47.69,0.2,0.01,776.5,0.36,0,31.79,41.8,18.1,8.31
Rubber Wood Chip,8.5,81.34,9.15,1.01,46.39,5.7,47.69,0.2,0.01,790.5,0.38,0,31.48,39.71,20.34,8.47
Rubber Wood Chip,8.5,81.34,9.15,1.01,46.39,5.7,47.69,0.2,0.01,808.4,0.41,0,30,43.34,17.69,8.97
Rubber Wood Chip,8.5,81.34,9.15,1.01,46.39,5.7,47.69,0.2,0.01,834.2,0.43,0,30.06,46.53,14.17,9.24
Poultry litter,22.1,57.37,6.86,13.67,55.09,6.48,31.01,6.53,0.91,700,0.18,0,20.83,43.74,28.26,7.16
Poultry litter,22.1,57.37,6.86,13.67,55.09,6.48,31.01,6.53,0.91,700,0.22,0,23.74,36.83,32.32,7.11
Poultry litter,22.1,57.37,6.86,13.67,55.09,6.48,31.01,6.53,0.91,700,0.3,0,24.35,39.21,30.26,6.18
Poultry litter,22.1,57.37,6.86,13.67,55.09,6.48,31.01,6.53,0.91,700,0.3,0.24,19.78,37.54,37.2,5.48
Rice husk,9.95,55.54,14.99,19.52,49.07,3.79,46.42,0.63,0.09,750,0.35,0.5,28.51,46.33,20.49,4.68
Rice husk,9.95,55.54,14.99,19.52,49.07,3.79,46.42,0.63,0.09,800,0.3,0.5,30.95,38.74,24.42,5.89
Rice husk,9.95,55.54,14.99,19.52,49.07,3.79,46.42,0.63,0.09,800,0.35,0.2,32.08,43.56,17.8,6.56
Rice husk,9.95,55.54,14.99,19.52,49.07,3.79,46.42,0.63,0.09,800,0.35,0.5,28.69,43.47,22.27,5.57
Rice husk,9.95,55.54,14.99,19.52,49.07,3.79,46.42,0.63,0.09,800,0.4,0.5,26.81,47.25,21.1,4.84
Rice husk,9.95,55.54,14.99,19.52,49.07,3.79,46.42,0.63,0.09,850,0.35,0.5,30.08,38.17,25.52,6.22
Rice husk,9.95,55.54,14.99,19.52,49.07,3.79,46.42,0.63,0.09,800,0.35,0.8,26.4,43.87,24.53,5.2
Rice husk,9.95,55.54,14.99,19.52,49.07,3.79,46.42,0.63,0.09,850,0.35,0.8,28.06,40.32,25.89,5.73
Empty Fruit Bunch,7.8,79.34,8.36,4.5,43.52,5.72,48.9,1.2,0.66,650,0.25,0,30.69,43.9,19.5,5.91
Empty Fruit Bunch,7.8,79.34,8.36,4.5,43.52,5.72,48.9,1.2,0.66,750,0.25,0,32.04,44.45,15.23,8.28
Empty Fruit Bunch,7.8,79.34,8.36,4.5,43.52,5.72,48.9,1.2,0.66,850,0.25,0,36.39,40.59,16.02,6.99
Empty Fruit Bunch,7.8,79.34,8.36,4.5,43.52,5.72,48.9,1.2,0.66,950,0.25,0,38.71,34.45,20.24,6.59
Empty Fruit Bunch,7.8,79.34,8.36,4.5,43.52,5.72,48.9,1.2,0.66,1050,0.25,0,40.25,28.33,24.88,6.53
Empty Fruit Bunch,7.8,79.34,8.36,4.5,43.52,5.72,48.9,1.2,0.66,770,0.17,0,35.45,40.9,16.29,7.36
Empty Fruit Bunch,7.8,79.34,8.36,4.5,43.52,5.72,48.9,1.2,0.66,770,0.21,0,36.4,42.18,12.11,9.31
Empty Fruit Bunch,7.8,79.34,8.36,4.5,43.52,5.72,48.9,1.2,0.66,770,0.28,0,34.65,46.29,11.68,7.37
Empty Fruit Bunch,7.8,79.34,8.36,4.5,43.52,5.72,48.9,1.2,0.66,770,0.32,0,33.1,50.46,9.75,6.7
Empty Fruit Bunch,7.8,79.34,8.36,4.5,43.52,5.72,48.9,1.2,0.66,650,0.25,0,38.07,38.88,15.37,7.67
Empty Fruit Bunch,7.8,79.34,8.36,4.5,43.52,5.72,48.9,1.2,0.66,750,0.25,0,36.35,43.34,14.49,5.82
Empty Fruit Bunch,7.8,79.34,8.36,4.5,43.52,5.72,48.9,1.2,0.66,850,0.25,0,33.05,43.15,17.61,6.18
Empty Fruit Bunch,7.8,79.34,8.36,4.5,43.52,5.72,48.9,1.2,0.66,950,0.25,0,31.44,33.15,29.6,5.81
Empty Fruit Bunch,7.8,79.34,8.36,4.5,43.52,5.72,48.9,1.2,0.66,1050,0.25,0,33.17,25.39,36.26,5.19
Olive Stone,7.6,66.9,19.7,5.8,53.36,6.94,38.74,0.85,0.11,700,0.17,0,28,36,24,12
Olive Stone,7.6,66.9,19.7,5.8,53.36,6.94,38.74,0.85,0.11,740,0.2,0,26.09,36.96,23.91,13.04
Olive Stone,7.6,66.9,19.7,5.8,53.36,6.94,38.74,0.85,0.11,750,0.22,0,23.53,39.22,23.53,13.73
Olive Stone,7.6,66.9,19.7,5.8,53.36,6.94,38.74,0.85,0.11,760,0.23,0,20,37.78,26.67,15.56
Olive Stone,7.6,66.9,19.7,5.8,53.36,6.94,38.74,0.85,0.11,785,0.24,0,23.81,40.48,19.05,16.67
Olive Stone,7.6,66.9,19.7,5.8,53.36,6.94,38.74,0.85,0.11,780,0.29,0,29.55,36.36,22.73,11.36
Olive Stone,7.6,66.9,19.7,5.8,53.36,6.94,38.74,0.85,0.11,820,0.31,0,31.82,36.36,20.45,11.36
Rice husk,9.08,60.37,12.37,18.18,47.01,6.78,45.71,0.48,0.04,665,0.25,0,48.24,35.03,9.7,7.03
Rice husk,9.08,60.37,12.37,18.18,47.01,6.78,45.71,0.48,0.04,744,0.3,0,40.05,43.48,10.13,6.35
Rice husk,9.08,60.37,12.37,18.18,47.01,6.78,45.71,0.48,0.04,811,0.35,0,36.16,48.61,9.61,5.62
Rice husk,9.08,60.37,12.37,18.18,47.01,6.78,45.71,0.48,0.04,670,0.35,0,46.99,37.26,9.69,6.06
Rice husk,9.08,60.37,12.37,18.18,47.01,6.78,45.71,0.48,0.04,750,0.3,0,39.76,45.36,9.37,5.51
Rice husk,9.08,60.37,12.37,18.18,47.01,6.78,45.71,0.48,0.04,822,0.35,0,35.88,49.45,9.36,5.31
Rice husk,9.08,60.37,12.37,18.18,47.01,6.78,45.71,0.48,0.04,700,0.35,0,42.79,41.91,9.64,5.66
Rice husk,9.08,60.37,12.37,18.18,47.01,6.78,45.71,0.48,0.04,766,0.3,0,37.3,47.69,9.53,5.48
Rice husk,9.08,60.37,12.37,18.18,47.01,6.78,45.71,0.48,0.04,828,0.35,0,35.32,50.06,9.34,5.29
C. cardunculus L,7.03,72.29,15.01,5.67,51.22,5.94,41.97,0.85,0.01,826,0.3,0,44,29.11,20.1,6.79
C. cardunculus L,7.03,72.29,15.01,5.67,51.22,5.94,41.97,0.85,0.01,874,0.29,0,42.37,27.28,24.06,6.29
C. cardunculus L,9.69,69.83,10.21,10.27,55.18,6.66,37.46,0.64,0.06,700,0.2,0,23.65,37.6,27.95,10.81
C. cardunculus L,9.69,69.83,10.21,10.27,55.18,6.66,37.46,0.64,0.06,760,0.2,0,27.98,33.9,27.47,10.65
C. cardunculus L,9.69,69.83,10.21,10.27,55.18,6.66,37.46,0.64,0.06,800,0.2,0,30.72,30.44,29.89,8.95
Rubber Woodchip,9.5,80.45,9.05,1,46.4,5.7,47.7,0.2,0.01,761,0.38,0,33.76,40.71,16.56,8.97
Rubber Woodchip,18.1,72.81,8.19,0.9,46.4,5.7,47.7,0.2,0.01,730,0.38,0,30.18,46.06,14.62,9.15
Rubber Woodchip,25.5,66.23,7.45,0.82,46.4,5.7,47.7,0.2,0.01,699,0.38,0,28.36,48.11,14.81,8.72
Rubber Woodchip,27,64.9,7.3,0.8,46.4,5.7,47.7,0.2,0.01,703.5,0.36,0,29.06,47.92,14.31,8.71
Rubber Woodchip,27,64.9,7.3,0.8,46.4,5.7,47.7,0.2,0.01,729.9,0.39,0,28.97,48,14.57,8.46
Rubber Woodchip,27,64.9,7.3,0.8,46.4,5.7,47.7,0.2,0.01,738.2,0.45,0,28.6,48.15,14.95,8.3
Rubber Woodchip,27,64.9,7.3,0.8,46.4,5.7,47.7,0.2,0.01,765.4,0.49,0,27.96,49.21,14.67,8.16
Sunflower,8.1,72.56,10.49,8.85,51.01,6.65,41.36,0.96,0.01,750,0.3,0,29.43,35.14,26.83,8.61
Sunflower,8.1,72.56,10.49,8.85,51.01,6.65,41.36,0.96,0.01,800,0.3,0,33.17,29.96,28.66,8.22
Sunflower,8.1,72.56,10.49,8.85,51.01,6.65,41.36,0.96,0.01,750,0.3,0,31.4,34.2,25,9.4
Sunflower,8.1,72.56,10.49,8.85,51.01,6.65,41.36,0.96,0.01,800,0.3,0,34.24,30.01,27.29,8.46
Willow,8.2,76.48,13.12,2.2,49.83,6.8,40.29,3.08,0.01,750,0.3,0,30.6,36.1,24.48,8.82
Willow,8.2,76.48,13.12,2.2,49.83,6.8,40.29,3.08,0.01,800,0.3,0,35.56,30.7,25.84,7.9
Willow,8.2,76.48,13.12,2.2,49.83,6.8,40.29,3.08,0.01,750,0.3,0,32.58,37,22.4,8.02
Willow,8.2,76.48,13.12,2.2,49.83,6.8,40.29,3.08,0.01,800,0.3,0,33.7,35.2,23.4,7.7
Spruce Wood Pellets,8.4,74.2,17.1,0.3,49.44,5.92,44.53,0.1,0.01,780,0.17,0.65,26.9,29.03,35.75,8.32
Spruce Wood Pellets,8.4,74.2,17.1,0.3,49.44,5.92,44.53,0.1,0.01,780,0.17,0.65,28.77,27.89,34.74,8.6
Spruce Wood Pellets,8.4,74.2,17.1,0.3,49.44,5.92,44.53,0.1,0.01,780,0.17,0.65,24.91,30.51,36.64,7.94